               epoch,      train/box_loss,      train/obj_loss,      train/cls_loss,   metrics/precision,      metrics/recall,     metrics/mAP_0.5,metrics/mAP_0.5:0.95,        val/box_loss,        val/obj_loss,        val/cls_loss,               x/lr0,               x/lr1,               x/lr2
                   0,             0.10938,            0.028733,            0.041322,                   0,                   0,                   0,                   0,                   0,                   0,                   0,             0.00333,             0.00333,             0.07003
                   1,            0.086019,            0.023246,            0.022277,                   0,                   0,                   0,                   0,                   0,                   0,                   0,           0.0066413,           0.0066413,            0.040008
                   2,            0.079836,            0.020399,            0.015506,                   0,                   0,                   0,                   0,                   0,                   0,                   0,           0.0099307,           0.0099307,            0.009964
                   3,            0.070917,             0.01988,            0.011549,                   0,                   0,                   0,                   0,                   0,                   0,                   0,            0.009901,            0.009901,            0.009901
                   4,            0.064206,            0.019523,           0.0087323,                   0,                   0,                   0,                   0,                   0,                   0,                   0,            0.009901,            0.009901,            0.009901
                   5,            0.060732,            0.019156,           0.0072486,                   0,                   0,                   0,                   0,                   0,                   0,                   0,            0.009868,            0.009868,            0.009868
                   6,            0.058422,            0.018508,           0.0065856,                   0,                   0,                   0,                   0,                   0,                   0,                   0,            0.009835,            0.009835,            0.009835
                   7,            0.056551,            0.018063,           0.0058619,                   0,                   0,                   0,                   0,                   0,                   0,                   0,            0.009802,            0.009802,            0.009802
                   8,            0.055376,            0.017898,           0.0058979,                   0,                   0,                   0,                   0,                   0,                   0,                   0,            0.009769,            0.009769,            0.009769
                   9,            0.053534,            0.017719,           0.0050836,                   0,                   0,                   0,                   0,                   0,                   0,                   0,            0.009736,            0.009736,            0.009736
                  10,            0.052705,            0.017688,           0.0051347,                   0,                   0,                   0,                   0,                   0,                   0,                   0,            0.009703,            0.009703,            0.009703
                  11,             0.05277,            0.017565,             0.00491,                   0,                   0,                   0,                   0,                   0,                   0,                   0,             0.00967,             0.00967,             0.00967
                  12,            0.051045,            0.017117,           0.0041428,                   0,                   0,                   0,                   0,                   0,                   0,                   0,            0.009637,            0.009637,            0.009637
                  13,            0.050614,            0.017377,           0.0043969,                   0,                   0,                   0,                   0,                   0,                   0,                   0,            0.009604,            0.009604,            0.009604
                  14,            0.050198,            0.016659,           0.0042924,                   0,                   0,                   0,                   0,                   0,                   0,                   0,            0.009571,            0.009571,            0.009571
                  15,            0.049434,            0.016618,           0.0044629,                   0,                   0,                   0,                   0,                   0,                   0,                   0,            0.009538,            0.009538,            0.009538
                  16,            0.049247,            0.016613,           0.0042444,                   0,                   0,                   0,                   0,                   0,                   0,                   0,            0.009505,            0.009505,            0.009505
                  17,            0.048169,            0.016329,           0.0038718,                   0,                   0,                   0,                   0,                   0,                   0,                   0,            0.009472,            0.009472,            0.009472
                  18,             0.04818,            0.016383,           0.0043514,                   0,                   0,                   0,                   0,                   0,                   0,                   0,            0.009439,            0.009439,            0.009439
                  19,            0.047762,            0.016421,           0.0039696,                   0,                   0,                   0,                   0,                   0,                   0,                   0,            0.009406,            0.009406,            0.009406
                  20,            0.047816,              0.0168,           0.0035982,                   0,                   0,                   0,                   0,                   0,                   0,                   0,            0.009373,            0.009373,            0.009373
                  21,            0.047067,            0.016093,            0.003659,                   0,                   0,                   0,                   0,                   0,                   0,                   0,             0.00934,             0.00934,             0.00934
                  22,            0.047003,            0.016299,           0.0035788,                   0,                   0,                   0,                   0,                   0,                   0,                   0,            0.009307,            0.009307,            0.009307
                  23,            0.046521,            0.016315,           0.0036745,                   0,                   0,                   0,                   0,                   0,                   0,                   0,            0.009274,            0.009274,            0.009274
                  24,            0.046243,            0.016003,           0.0032939,                   0,                   0,                   0,                   0,                   0,                   0,                   0,            0.009241,            0.009241,            0.009241
                  25,            0.045991,            0.015761,            0.003268,                   0,                   0,                   0,                   0,                   0,                   0,                   0,            0.009208,            0.009208,            0.009208
                  26,            0.045908,            0.016111,           0.0031839,                   0,                   0,                   0,                   0,                   0,                   0,                   0,            0.009175,            0.009175,            0.009175
                  27,            0.044876,            0.015634,           0.0031493,                   0,                   0,                   0,                   0,                   0,                   0,                   0,            0.009142,            0.009142,            0.009142
                  28,            0.045071,            0.015748,            0.003261,                   0,                   0,                   0,                   0,                   0,                   0,                   0,            0.009109,            0.009109,            0.009109
                  29,            0.045009,            0.016046,           0.0031201,                   0,                   0,                   0,                   0,                   0,                   0,                   0,            0.009076,            0.009076,            0.009076
                  30,              0.0448,            0.015624,           0.0031347,                   0,                   0,                   0,                   0,                   0,                   0,                   0,            0.009043,            0.009043,            0.009043
                  31,             0.04451,             0.01569,            0.003273,                   0,                   0,                   0,                   0,                   0,                   0,                   0,             0.00901,             0.00901,             0.00901
                  32,            0.044992,            0.015926,           0.0032609,                   0,                   0,                   0,                   0,                   0,                   0,                   0,            0.008977,            0.008977,            0.008977
                  33,            0.044172,            0.015353,           0.0031386,                   0,                   0,                   0,                   0,                   0,                   0,                   0,            0.008944,            0.008944,            0.008944
                  34,            0.044217,            0.015458,           0.0029724,                   0,                   0,                   0,                   0,                   0,                   0,                   0,            0.008911,            0.008911,            0.008911
                  35,            0.044373,            0.015755,           0.0030355,                   0,                   0,                   0,                   0,                   0,                   0,                   0,            0.008878,            0.008878,            0.008878
                  36,            0.044009,            0.015929,           0.0030624,                   0,                   0,                   0,                   0,                   0,                   0,                   0,            0.008845,            0.008845,            0.008845
                  37,            0.044233,            0.015683,            0.003213,                   0,                   0,                   0,                   0,                   0,                   0,                   0,            0.008812,            0.008812,            0.008812
                  38,            0.043549,            0.015565,           0.0031607,                   0,                   0,                   0,                   0,                   0,                   0,                   0,            0.008779,            0.008779,            0.008779
                  39,            0.044052,            0.015628,           0.0029009,                   0,                   0,                   0,                   0,                   0,                   0,                   0,            0.008746,            0.008746,            0.008746
                  40,            0.043401,            0.015486,           0.0030037,                   0,                   0,                   0,                   0,                   0,                   0,                   0,            0.008713,            0.008713,            0.008713
                  41,            0.042973,            0.015234,           0.0027932,                   0,                   0,                   0,                   0,                   0,                   0,                   0,             0.00868,             0.00868,             0.00868
                  42,            0.042973,            0.014907,           0.0027623,                   0,                   0,                   0,                   0,                   0,                   0,                   0,            0.008647,            0.008647,            0.008647
                  43,            0.043437,            0.015441,            0.002831,                   0,                   0,                   0,                   0,                   0,                   0,                   0,            0.008614,            0.008614,            0.008614
                  44,            0.042689,            0.014966,           0.0028714,                   0,                   0,                   0,                   0,                   0,                   0,                   0,            0.008581,            0.008581,            0.008581
                  45,            0.042741,            0.015211,           0.0030057,                   0,                   0,                   0,                   0,                   0,                   0,                   0,            0.008548,            0.008548,            0.008548
                  46,            0.042876,            0.015536,           0.0028984,                   0,                   0,                   0,                   0,                   0,                   0,                   0,            0.008515,            0.008515,            0.008515
                  47,            0.042259,            0.015003,           0.0025782,                   0,                   0,                   0,                   0,                   0,                   0,                   0,            0.008482,            0.008482,            0.008482
                  48,             0.04261,            0.014923,           0.0027671,                   0,                   0,                   0,                   0,                   0,                   0,                   0,            0.008449,            0.008449,            0.008449
                  49,            0.042239,            0.015072,           0.0025636,                   0,                   0,                   0,                   0,                   0,                   0,                   0,            0.008416,            0.008416,            0.008416
                  50,            0.042544,            0.015053,           0.0028557,                   0,                   0,                   0,                   0,                   0,                   0,                   0,            0.008383,            0.008383,            0.008383
                  51,            0.042097,            0.015058,           0.0027872,                   0,                   0,                   0,                   0,                   0,                   0,                   0,             0.00835,             0.00835,             0.00835
                  52,            0.042154,            0.015024,           0.0027325,                   0,                   0,                   0,                   0,                   0,                   0,                   0,            0.008317,            0.008317,            0.008317
                  53,            0.041721,            0.014569,           0.0026405,                   0,                   0,                   0,                   0,                   0,                   0,                   0,            0.008284,            0.008284,            0.008284
                  54,            0.041214,            0.014843,           0.0024213,                   0,                   0,                   0,                   0,                   0,                   0,                   0,            0.008251,            0.008251,            0.008251
                  55,            0.041675,            0.014978,           0.0026123,                   0,                   0,                   0,                   0,                   0,                   0,                   0,            0.008218,            0.008218,            0.008218
                  56,            0.041518,            0.015072,           0.0026537,                   0,                   0,                   0,                   0,                   0,                   0,                   0,            0.008185,            0.008185,            0.008185
                  57,            0.041052,            0.014565,           0.0024999,                   0,                   0,                   0,                   0,                   0,                   0,                   0,            0.008152,            0.008152,            0.008152
                  58,            0.041817,            0.014959,           0.0026109,                   0,                   0,                   0,                   0,                   0,                   0,                   0,            0.008119,            0.008119,            0.008119
                  59,            0.041451,            0.014872,            0.002562,                   0,                   0,                   0,                   0,                   0,                   0,                   0,            0.008086,            0.008086,            0.008086
                  60,            0.041428,            0.014734,           0.0026203,                   0,                   0,                   0,                   0,                   0,                   0,                   0,            0.008053,            0.008053,            0.008053
                  61,            0.041943,            0.014948,           0.0026829,                   0,                   0,                   0,                   0,                   0,                   0,                   0,             0.00802,             0.00802,             0.00802
                  62,            0.041335,            0.014836,           0.0024206,                   0,                   0,                   0,                   0,                   0,                   0,                   0,            0.007987,            0.007987,            0.007987
                  63,            0.041183,            0.014862,           0.0025317,                   0,                   0,                   0,                   0,                   0,                   0,                   0,            0.007954,            0.007954,            0.007954
                  64,            0.041031,            0.014423,           0.0026435,                   0,                   0,                   0,                   0,                   0,                   0,                   0,            0.007921,            0.007921,            0.007921
                  65,            0.040616,            0.014754,           0.0025017,                   0,                   0,                   0,                   0,                   0,                   0,                   0,            0.007888,            0.007888,            0.007888
                  66,            0.040719,            0.014612,           0.0022919,                   0,                   0,                   0,                   0,                   0,                   0,                   0,            0.007855,            0.007855,            0.007855
                  67,            0.040853,            0.014808,            0.002668,                   0,                   0,                   0,                   0,                   0,                   0,                   0,            0.007822,            0.007822,            0.007822
                  68,            0.040683,            0.014732,           0.0026512,                   0,                   0,                   0,                   0,                   0,                   0,                   0,            0.007789,            0.007789,            0.007789
                  69,            0.040705,             0.01473,           0.0025047,                   0,                   0,                   0,                   0,                   0,                   0,                   0,            0.007756,            0.007756,            0.007756
                  70,            0.040728,            0.014674,           0.0025496,                   0,                   0,                   0,                   0,                   0,                   0,                   0,            0.007723,            0.007723,            0.007723
                  71,            0.040726,            0.014472,           0.0025035,                   0,                   0,                   0,                   0,                   0,                   0,                   0,             0.00769,             0.00769,             0.00769
                  72,            0.040394,            0.014414,           0.0024608,                   0,                   0,                   0,                   0,                   0,                   0,                   0,            0.007657,            0.007657,            0.007657
                  73,            0.040382,            0.014751,           0.0024019,                   0,                   0,                   0,                   0,                   0,                   0,                   0,            0.007624,            0.007624,            0.007624
                  74,            0.040314,            0.014678,           0.0025106,                   0,                   0,                   0,                   0,                   0,                   0,                   0,            0.007591,            0.007591,            0.007591
                  75,            0.039785,            0.014216,           0.0022321,                   0,                   0,                   0,                   0,                   0,                   0,                   0,            0.007558,            0.007558,            0.007558
                  76,            0.040163,            0.014741,           0.0022114,                   0,                   0,                   0,                   0,                   0,                   0,                   0,            0.007525,            0.007525,            0.007525
                  77,            0.039658,            0.014244,            0.002281,                   0,                   0,                   0,                   0,                   0,                   0,                   0,            0.007492,            0.007492,            0.007492
                  78,            0.039942,            0.014254,           0.0025271,                   0,                   0,                   0,                   0,                   0,                   0,                   0,            0.007459,            0.007459,            0.007459
                  79,            0.040126,            0.014073,           0.0024995,                   0,                   0,                   0,                   0,                   0,                   0,                   0,            0.007426,            0.007426,            0.007426
                  80,            0.040398,            0.014541,           0.0022432,                   0,                   0,                   0,                   0,                   0,                   0,                   0,            0.007393,            0.007393,            0.007393
                  81,            0.039737,            0.014484,            0.002288,                   0,                   0,                   0,                   0,                   0,                   0,                   0,             0.00736,             0.00736,             0.00736
                  82,            0.039881,            0.014201,            0.002394,                   0,                   0,                   0,                   0,                   0,                   0,                   0,            0.007327,            0.007327,            0.007327
                  83,            0.039681,            0.014319,            0.002522,                   0,                   0,                   0,                   0,                   0,                   0,                   0,            0.007294,            0.007294,            0.007294
                  84,            0.039365,            0.014147,           0.0022858,                   0,                   0,                   0,                   0,                   0,                   0,                   0,            0.007261,            0.007261,            0.007261
                  85,            0.039796,            0.014412,           0.0023895,                   0,                   0,                   0,                   0,                   0,                   0,                   0,            0.007228,            0.007228,            0.007228
                  86,            0.039566,             0.01423,           0.0023351,                   0,                   0,                   0,                   0,                   0,                   0,                   0,            0.007195,            0.007195,            0.007195
                  87,            0.039724,            0.014169,           0.0021181,                   0,                   0,                   0,                   0,                   0,                   0,                   0,            0.007162,            0.007162,            0.007162
                  88,            0.038759,            0.014208,           0.0023108,                   0,                   0,                   0,                   0,                   0,                   0,                   0,            0.007129,            0.007129,            0.007129
                  89,            0.039586,            0.014148,           0.0022822,                   0,                   0,                   0,                   0,                   0,                   0,                   0,            0.007096,            0.007096,            0.007096
                  90,            0.038963,             0.01414,           0.0023068,                   0,                   0,                   0,                   0,                   0,                   0,                   0,            0.007063,            0.007063,            0.007063
                  91,            0.038814,            0.014081,           0.0021422,                   0,                   0,                   0,                   0,                   0,                   0,                   0,             0.00703,             0.00703,             0.00703
                  92,            0.039034,            0.014043,           0.0021295,                   0,                   0,                   0,                   0,                   0,                   0,                   0,            0.006997,            0.006997,            0.006997
                  93,             0.03914,            0.014175,           0.0020539,                   0,                   0,                   0,                   0,                   0,                   0,                   0,            0.006964,            0.006964,            0.006964
                  94,            0.039459,            0.014269,           0.0022307,                   0,                   0,                   0,                   0,                   0,                   0,                   0,            0.006931,            0.006931,            0.006931
                  95,            0.039884,            0.014327,            0.002596,                   0,                   0,                   0,                   0,                   0,                   0,                   0,            0.006898,            0.006898,            0.006898
                  96,            0.039206,            0.014407,           0.0023542,                   0,                   0,                   0,                   0,                   0,                   0,                   0,            0.006865,            0.006865,            0.006865
                  97,            0.039621,            0.014433,           0.0021811,                   0,                   0,                   0,                   0,                   0,                   0,                   0,            0.006832,            0.006832,            0.006832
                  98,            0.038829,            0.013919,             0.00217,                   0,                   0,                   0,                   0,                   0,                   0,                   0,            0.006799,            0.006799,            0.006799
                  99,            0.038626,            0.013994,           0.0021301,                   0,                   0,                   0,                   0,                   0,                   0,                   0,            0.006766,            0.006766,            0.006766
                 100,            0.038519,            0.014018,           0.0022046,                   0,                   0,                   0,                   0,                   0,                   0,                   0,            0.006733,            0.006733,            0.006733
                 101,             0.03896,            0.014398,            0.002228,                   0,                   0,                   0,                   0,                   0,                   0,                   0,              0.0067,              0.0067,              0.0067
                 102,            0.039161,            0.014322,           0.0021645,                   0,                   0,                   0,                   0,                   0,                   0,                   0,            0.006667,            0.006667,            0.006667
                 103,            0.038468,            0.013651,           0.0022135,                   0,                   0,                   0,                   0,                   0,                   0,                   0,            0.006634,            0.006634,            0.006634
                 104,            0.038429,            0.013806,           0.0022458,                   0,                   0,                   0,                   0,                   0,                   0,                   0,            0.006601,            0.006601,            0.006601
                 105,            0.038776,            0.013906,           0.0021259,                   0,                   0,                   0,                   0,                   0,                   0,                   0,            0.006568,            0.006568,            0.006568
                 106,            0.038022,             0.01402,           0.0021636,                   0,                   0,                   0,                   0,                   0,                   0,                   0,            0.006535,            0.006535,            0.006535
                 107,            0.038188,            0.013872,           0.0020466,                   0,                   0,                   0,                   0,                   0,                   0,                   0,            0.006502,            0.006502,            0.006502
                 108,            0.038885,            0.014005,           0.0021562,                   0,                   0,                   0,                   0,                   0,                   0,                   0,            0.006469,            0.006469,            0.006469
                 109,            0.038613,            0.013993,           0.0023106,                   0,                   0,                   0,                   0,                   0,                   0,                   0,            0.006436,            0.006436,            0.006436
                 110,            0.038441,             0.01398,           0.0020896,                   0,                   0,                   0,                   0,                   0,                   0,                   0,            0.006403,            0.006403,            0.006403
                 111,            0.038189,            0.013796,           0.0020737,                   0,                   0,                   0,                   0,                   0,                   0,                   0,             0.00637,             0.00637,             0.00637
                 112,            0.038523,            0.013545,           0.0020832,                   0,                   0,                   0,                   0,                   0,                   0,                   0,            0.006337,            0.006337,            0.006337
                 113,            0.038577,            0.014178,           0.0020895,                   0,                   0,                   0,                   0,                   0,                   0,                   0,            0.006304,            0.006304,            0.006304
                 114,            0.037887,            0.013969,           0.0020353,                   0,                   0,                   0,                   0,                   0,                   0,                   0,            0.006271,            0.006271,            0.006271
                 115,             0.03839,            0.014002,           0.0020549,                   0,                   0,                   0,                   0,                   0,                   0,                   0,            0.006238,            0.006238,            0.006238
                 116,            0.037824,            0.013968,           0.0020453,                   0,                   0,                   0,                   0,                   0,                   0,                   0,            0.006205,            0.006205,            0.006205
                 117,            0.038391,            0.013841,           0.0022853,                   0,                   0,                   0,                   0,                   0,                   0,                   0,            0.006172,            0.006172,            0.006172
                 118,            0.037939,            0.013673,           0.0020276,                   0,                   0,                   0,                   0,                   0,                   0,                   0,            0.006139,            0.006139,            0.006139
                 119,            0.037983,            0.013874,           0.0019828,                   0,                   0,                   0,                   0,                   0,                   0,                   0,            0.006106,            0.006106,            0.006106
                 120,            0.037981,            0.013626,           0.0020514,                   0,                   0,                   0,                   0,                   0,                   0,                   0,            0.006073,            0.006073,            0.006073
                 121,            0.038176,            0.013931,           0.0021389,                   0,                   0,                   0,                   0,                   0,                   0,                   0,             0.00604,             0.00604,             0.00604
                 122,            0.038267,            0.014203,           0.0019011,                   0,                   0,                   0,                   0,                   0,                   0,                   0,            0.006007,            0.006007,            0.006007
                 123,            0.037687,            0.013807,           0.0020662,                   0,                   0,                   0,                   0,                   0,                   0,                   0,            0.005974,            0.005974,            0.005974
                 124,            0.038026,            0.013875,            0.001897,                   0,                   0,                   0,                   0,                   0,                   0,                   0,            0.005941,            0.005941,            0.005941
                 125,            0.037605,            0.013574,           0.0018391,                   0,                   0,                   0,                   0,                   0,                   0,                   0,            0.005908,            0.005908,            0.005908
                 126,             0.03727,            0.013441,           0.0019166,                   0,                   0,                   0,                   0,                   0,                   0,                   0,            0.005875,            0.005875,            0.005875
                 127,            0.037527,              0.0137,           0.0020042,                   0,                   0,                   0,                   0,                   0,                   0,                   0,            0.005842,            0.005842,            0.005842
                 128,            0.037228,            0.013424,           0.0019727,                   0,                   0,                   0,                   0,                   0,                   0,                   0,            0.005809,            0.005809,            0.005809
                 129,             0.03734,            0.013821,           0.0019275,                   0,                   0,                   0,                   0,                   0,                   0,                   0,            0.005776,            0.005776,            0.005776
                 130,            0.037059,            0.013565,           0.0019957,                   0,                   0,                   0,                   0,                   0,                   0,                   0,            0.005743,            0.005743,            0.005743
                 131,            0.037183,            0.013856,           0.0019114,                   0,                   0,                   0,                   0,                   0,                   0,                   0,             0.00571,             0.00571,             0.00571
                 132,            0.037377,            0.013757,           0.0022014,                   0,                   0,                   0,                   0,                   0,                   0,                   0,            0.005677,            0.005677,            0.005677
                 133,            0.037362,            0.013552,             0.00192,                   0,                   0,                   0,                   0,                   0,                   0,                   0,            0.005644,            0.005644,            0.005644
                 134,            0.037412,            0.013196,           0.0018535,                   0,                   0,                   0,                   0,                   0,                   0,                   0,            0.005611,            0.005611,            0.005611
                 135,            0.036912,             0.01349,           0.0019038,                   0,                   0,                   0,                   0,                   0,                   0,                   0,            0.005578,            0.005578,            0.005578
                 136,            0.037127,             0.01371,           0.0018619,                   0,                   0,                   0,                   0,                   0,                   0,                   0,            0.005545,            0.005545,            0.005545
                 137,            0.037141,            0.013616,           0.0020911,                   0,                   0,                   0,                   0,                   0,                   0,                   0,            0.005512,            0.005512,            0.005512
                 138,            0.037091,            0.013578,           0.0019322,                   0,                   0,                   0,                   0,                   0,                   0,                   0,            0.005479,            0.005479,            0.005479
                 139,            0.037325,            0.013913,           0.0020522,                   0,                   0,                   0,                   0,                   0,                   0,                   0,            0.005446,            0.005446,            0.005446
                 140,            0.037201,            0.013482,           0.0020386,                   0,                   0,                   0,                   0,                   0,                   0,                   0,            0.005413,            0.005413,            0.005413
                 141,            0.037184,            0.013887,           0.0020446,                   0,                   0,                   0,                   0,                   0,                   0,                   0,             0.00538,             0.00538,             0.00538
                 142,            0.037402,            0.013504,           0.0018626,                   0,                   0,                   0,                   0,                   0,                   0,                   0,            0.005347,            0.005347,            0.005347
                 143,            0.036929,            0.013559,           0.0017615,                   0,                   0,                   0,                   0,                   0,                   0,                   0,            0.005314,            0.005314,            0.005314
                 144,             0.03677,            0.013279,           0.0018552,                   0,                   0,                   0,                   0,                   0,                   0,                   0,            0.005281,            0.005281,            0.005281
                 145,            0.037203,            0.013694,           0.0020889,                   0,                   0,                   0,                   0,                   0,                   0,                   0,            0.005248,            0.005248,            0.005248
                 146,            0.036686,            0.013202,           0.0018526,                   0,                   0,                   0,                   0,                   0,                   0,                   0,            0.005215,            0.005215,            0.005215
                 147,            0.037084,            0.013645,           0.0019761,                   0,                   0,                   0,                   0,                   0,                   0,                   0,            0.005182,            0.005182,            0.005182
                 148,            0.037461,            0.013853,           0.0019643,                   0,                   0,                   0,                   0,                   0,                   0,                   0,            0.005149,            0.005149,            0.005149
                 149,            0.036899,            0.013469,           0.0020142,                   0,                   0,                   0,                   0,                   0,                   0,                   0,            0.005116,            0.005116,            0.005116
                 150,            0.037387,            0.013846,           0.0019722,                   0,                   0,                   0,                   0,                   0,                   0,                   0,            0.005083,            0.005083,            0.005083
                 151,            0.036773,            0.013407,           0.0019933,                   0,                   0,                   0,                   0,                   0,                   0,                   0,             0.00505,             0.00505,             0.00505
                 152,            0.036358,             0.01335,           0.0018124,                   0,                   0,                   0,                   0,                   0,                   0,                   0,            0.005017,            0.005017,            0.005017
                 153,            0.036239,            0.013071,           0.0017834,                   0,                   0,                   0,                   0,                   0,                   0,                   0,            0.004984,            0.004984,            0.004984
                 154,            0.036252,            0.013498,           0.0017962,                   0,                   0,                   0,                   0,                   0,                   0,                   0,            0.004951,            0.004951,            0.004951
                 155,             0.03639,             0.01338,            0.001784,                   0,                   0,                   0,                   0,                   0,                   0,                   0,            0.004918,            0.004918,            0.004918
                 156,            0.036644,            0.013485,           0.0017504,                   0,                   0,                   0,                   0,                   0,                   0,                   0,            0.004885,            0.004885,            0.004885
                 157,            0.036642,            0.013496,           0.0017584,                   0,                   0,                   0,                   0,                   0,                   0,                   0,            0.004852,            0.004852,            0.004852
                 158,             0.03652,            0.013654,           0.0018325,                   0,                   0,                   0,                   0,                   0,                   0,                   0,            0.004819,            0.004819,            0.004819
                 159,            0.036318,            0.013666,           0.0019934,                   0,                   0,                   0,                   0,                   0,                   0,                   0,            0.004786,            0.004786,            0.004786
                 160,            0.035571,            0.013412,           0.0017576,                   0,                   0,                   0,                   0,                   0,                   0,                   0,            0.004753,            0.004753,            0.004753
                 161,            0.036265,            0.013378,           0.0017832,                   0,                   0,                   0,                   0,                   0,                   0,                   0,             0.00472,             0.00472,             0.00472
                 162,            0.036134,            0.013162,           0.0017143,                   0,                   0,                   0,                   0,                   0,                   0,                   0,            0.004687,            0.004687,            0.004687
                 163,            0.035932,            0.013522,           0.0016566,                   0,                   0,                   0,                   0,                   0,                   0,                   0,            0.004654,            0.004654,            0.004654
                 164,            0.036442,            0.013256,            0.001717,                   0,                   0,                   0,                   0,                   0,                   0,                   0,            0.004621,            0.004621,            0.004621
                 165,            0.035936,            0.013277,           0.0016761,                   0,                   0,                   0,                   0,                   0,                   0,                   0,            0.004588,            0.004588,            0.004588
                 166,            0.036052,            0.013171,           0.0017632,                   0,                   0,                   0,                   0,                   0,                   0,                   0,            0.004555,            0.004555,            0.004555
                 167,            0.036484,             0.01328,           0.0018224,                   0,                   0,                   0,                   0,                   0,                   0,                   0,            0.004522,            0.004522,            0.004522
                 168,            0.036477,            0.013245,           0.0017594,                   0,                   0,                   0,                   0,                   0,                   0,                   0,            0.004489,            0.004489,            0.004489
                 169,            0.036031,            0.013422,           0.0017199,                   0,                   0,                   0,                   0,                   0,                   0,                   0,            0.004456,            0.004456,            0.004456
                 170,            0.036035,            0.013033,           0.0017068,                   0,                   0,                   0,                   0,                   0,                   0,                   0,            0.004423,            0.004423,            0.004423
                 171,            0.036314,            0.013238,           0.0018033,                   0,                   0,                   0,                   0,                   0,                   0,                   0,             0.00439,             0.00439,             0.00439
                 172,            0.035915,            0.013207,           0.0017212,                   0,                   0,                   0,                   0,                   0,                   0,                   0,            0.004357,            0.004357,            0.004357
                 173,            0.036062,            0.013386,            0.001836,                   0,                   0,                   0,                   0,                   0,                   0,                   0,            0.004324,            0.004324,            0.004324
                 174,            0.035704,             0.01318,           0.0017304,                   0,                   0,                   0,                   0,                   0,                   0,                   0,            0.004291,            0.004291,            0.004291
                 175,            0.035636,            0.013499,           0.0017024,                   0,                   0,                   0,                   0,                   0,                   0,                   0,            0.004258,            0.004258,            0.004258
                 176,             0.03549,            0.013131,           0.0016107,                   0,                   0,                   0,                   0,                   0,                   0,                   0,            0.004225,            0.004225,            0.004225
                 177,            0.036061,            0.013239,           0.0018382,                   0,                   0,                   0,                   0,                   0,                   0,                   0,            0.004192,            0.004192,            0.004192
                 178,            0.035809,            0.012868,           0.0017213,                   0,                   0,                   0,                   0,                   0,                   0,                   0,            0.004159,            0.004159,            0.004159
                 179,            0.035559,            0.013387,           0.0017806,                   0,                   0,                   0,                   0,                   0,                   0,                   0,            0.004126,            0.004126,            0.004126
                 180,            0.035236,            0.012899,           0.0016334,                   0,                   0,                   0,                   0,                   0,                   0,                   0,            0.004093,            0.004093,            0.004093
                 181,              0.0353,            0.013086,           0.0016553,                   0,                   0,                   0,                   0,                   0,                   0,                   0,             0.00406,             0.00406,             0.00406
                 182,            0.035643,            0.013008,           0.0016377,                   0,                   0,                   0,                   0,                   0,                   0,                   0,            0.004027,            0.004027,            0.004027
                 183,             0.03576,            0.012968,           0.0017451,                   0,                   0,                   0,                   0,                   0,                   0,                   0,            0.003994,            0.003994,            0.003994
                 184,            0.035166,            0.012998,           0.0016464,                   0,                   0,                   0,                   0,                   0,                   0,                   0,            0.003961,            0.003961,            0.003961
                 185,            0.035572,            0.012952,           0.0015725,                   0,                   0,                   0,                   0,                   0,                   0,                   0,            0.003928,            0.003928,            0.003928
                 186,            0.035794,            0.013172,           0.0017536,                   0,                   0,                   0,                   0,                   0,                   0,                   0,            0.003895,            0.003895,            0.003895
                 187,            0.035032,            0.012796,           0.0016926,                   0,                   0,                   0,                   0,                   0,                   0,                   0,            0.003862,            0.003862,            0.003862
                 188,            0.035478,            0.013104,           0.0015876,                   0,                   0,                   0,                   0,                   0,                   0,                   0,            0.003829,            0.003829,            0.003829
                 189,            0.035228,            0.012852,           0.0017933,                   0,                   0,                   0,                   0,                   0,                   0,                   0,            0.003796,            0.003796,            0.003796
                 190,            0.034928,            0.013046,           0.0016167,                   0,                   0,                   0,                   0,                   0,                   0,                   0,            0.003763,            0.003763,            0.003763
                 191,            0.035546,            0.013142,            0.001707,                   0,                   0,                   0,                   0,                   0,                   0,                   0,             0.00373,             0.00373,             0.00373
                 192,            0.035271,             0.01284,           0.0016629,                   0,                   0,                   0,                   0,                   0,                   0,                   0,            0.003697,            0.003697,            0.003697
                 193,            0.035162,            0.013051,           0.0018698,                   0,                   0,                   0,                   0,                   0,                   0,                   0,            0.003664,            0.003664,            0.003664
                 194,             0.03492,            0.013099,           0.0015853,                   0,                   0,                   0,                   0,                   0,                   0,                   0,            0.003631,            0.003631,            0.003631
                 195,            0.035397,             0.01299,           0.0016892,                   0,                   0,                   0,                   0,                   0,                   0,                   0,            0.003598,            0.003598,            0.003598
                 196,            0.035281,            0.012876,            0.001746,                   0,                   0,                   0,                   0,                   0,                   0,                   0,            0.003565,            0.003565,            0.003565
                 197,            0.035183,            0.013164,           0.0017351,                   0,                   0,                   0,                   0,                   0,                   0,                   0,            0.003532,            0.003532,            0.003532
                 198,            0.034671,            0.012694,           0.0016001,                   0,                   0,                   0,                   0,                   0,                   0,                   0,            0.003499,            0.003499,            0.003499
                 199,            0.034701,            0.012786,           0.0015838,                   0,                   0,                   0,                   0,                   0,                   0,                   0,            0.003466,            0.003466,            0.003466
                 200,            0.034536,            0.012933,           0.0016361,                   0,                   0,                   0,                   0,                   0,                   0,                   0,            0.003433,            0.003433,            0.003433
                 201,            0.034426,            0.012644,           0.0014883,                   0,                   0,                   0,                   0,                   0,                   0,                   0,              0.0034,              0.0034,              0.0034
                 202,            0.034492,             0.01261,           0.0016312,                   0,                   0,                   0,                   0,                   0,                   0,                   0,            0.003367,            0.003367,            0.003367
                 203,            0.034528,            0.012834,           0.0016292,                   0,                   0,                   0,                   0,                   0,                   0,                   0,            0.003334,            0.003334,            0.003334
                 204,            0.034613,            0.012809,           0.0015396,                   0,                   0,                   0,                   0,                   0,                   0,                   0,            0.003301,            0.003301,            0.003301
                 205,            0.035205,            0.012599,           0.0019785,                   0,                   0,                   0,                   0,                   0,                   0,                   0,            0.003268,            0.003268,            0.003268
                 206,            0.034928,            0.013178,           0.0016964,                   0,                   0,                   0,                   0,                   0,                   0,                   0,            0.003235,            0.003235,            0.003235
                 207,            0.035007,            0.012855,           0.0015668,                   0,                   0,                   0,                   0,                   0,                   0,                   0,            0.003202,            0.003202,            0.003202
                 208,            0.034841,            0.013032,           0.0015975,                   0,                   0,                   0,                   0,                   0,                   0,                   0,            0.003169,            0.003169,            0.003169
                 209,            0.034616,            0.012528,           0.0015806,                   0,                   0,                   0,                   0,                   0,                   0,                   0,            0.003136,            0.003136,            0.003136
                 210,            0.034464,            0.012702,           0.0016003,                   0,                   0,                   0,                   0,                   0,                   0,                   0,            0.003103,            0.003103,            0.003103
                 211,            0.034482,            0.012757,           0.0016516,                   0,                   0,                   0,                   0,                   0,                   0,                   0,             0.00307,             0.00307,             0.00307
                 212,            0.034154,            0.012777,           0.0016187,                   0,                   0,                   0,                   0,                   0,                   0,                   0,            0.003037,            0.003037,            0.003037
                 213,            0.034372,            0.012885,           0.0015224,                   0,                   0,                   0,                   0,                   0,                   0,                   0,            0.003004,            0.003004,            0.003004
                 214,            0.034705,            0.012869,           0.0016069,                   0,                   0,                   0,                   0,                   0,                   0,                   0,            0.002971,            0.002971,            0.002971
                 215,            0.034137,            0.012512,            0.001576,                   0,                   0,                   0,                   0,                   0,                   0,                   0,            0.002938,            0.002938,            0.002938
                 216,            0.034481,            0.012673,           0.0016485,                   0,                   0,                   0,                   0,                   0,                   0,                   0,            0.002905,            0.002905,            0.002905
                 217,            0.034948,            0.012642,           0.0016368,                   0,                   0,                   0,                   0,                   0,                   0,                   0,            0.002872,            0.002872,            0.002872
                 218,             0.03444,            0.012876,           0.0017064,                   0,                   0,                   0,                   0,                   0,                   0,                   0,            0.002839,            0.002839,            0.002839
                 219,            0.034466,             0.01286,           0.0015077,                   0,                   0,                   0,                   0,                   0,                   0,                   0,            0.002806,            0.002806,            0.002806
                 220,            0.033992,             0.01264,           0.0015223,                   0,                   0,                   0,                   0,                   0,                   0,                   0,            0.002773,            0.002773,            0.002773
                 221,             0.03403,            0.012807,           0.0014863,                   0,                   0,                   0,                   0,                   0,                   0,                   0,             0.00274,             0.00274,             0.00274
                 222,            0.033949,            0.012294,           0.0015156,                   0,                   0,                   0,                   0,                   0,                   0,                   0,            0.002707,            0.002707,            0.002707
                 223,            0.033771,            0.012832,           0.0013873,                   0,                   0,                   0,                   0,                   0,                   0,                   0,            0.002674,            0.002674,            0.002674
                 224,            0.034036,            0.012548,           0.0015545,                   0,                   0,                   0,                   0,                   0,                   0,                   0,            0.002641,            0.002641,            0.002641
                 225,            0.034185,            0.012527,           0.0015041,                   0,                   0,                   0,                   0,                   0,                   0,                   0,            0.002608,            0.002608,            0.002608
                 226,            0.034468,              0.0125,           0.0016494,                   0,                   0,                   0,                   0,                   0,                   0,                   0,            0.002575,            0.002575,            0.002575
                 227,            0.034391,            0.012609,           0.0015466,                   0,                   0,                   0,                   0,                   0,                   0,                   0,            0.002542,            0.002542,            0.002542
                 228,            0.034512,            0.012593,           0.0016612,                   0,                   0,                   0,                   0,                   0,                   0,                   0,            0.002509,            0.002509,            0.002509
                 229,            0.034017,            0.012507,           0.0016562,                   0,                   0,                   0,                   0,                   0,                   0,                   0,            0.002476,            0.002476,            0.002476
                 230,            0.033835,            0.012677,           0.0015942,                   0,                   0,                   0,                   0,                   0,                   0,                   0,            0.002443,            0.002443,            0.002443
                 231,            0.033849,            0.012479,           0.0016105,                   0,                   0,                   0,                   0,                   0,                   0,                   0,             0.00241,             0.00241,             0.00241
                 232,            0.033722,            0.012517,           0.0015108,                   0,                   0,                   0,                   0,                   0,                   0,                   0,            0.002377,            0.002377,            0.002377
                 233,            0.033896,            0.012499,           0.0014605,                   0,                   0,                   0,                   0,                   0,                   0,                   0,            0.002344,            0.002344,            0.002344
                 234,            0.033724,            0.012435,           0.0014546,                   0,                   0,                   0,                   0,                   0,                   0,                   0,            0.002311,            0.002311,            0.002311
                 235,            0.033624,            0.012362,            0.001436,                   0,                   0,                   0,                   0,                   0,                   0,                   0,            0.002278,            0.002278,            0.002278
                 236,            0.033869,             0.01251,           0.0015562,                   0,                   0,                   0,                   0,                   0,                   0,                   0,            0.002245,            0.002245,            0.002245
                 237,            0.033581,            0.012592,           0.0014462,                   0,                   0,                   0,                   0,                   0,                   0,                   0,            0.002212,            0.002212,            0.002212
                 238,             0.03374,            0.012371,           0.0015241,                   0,                   0,                   0,                   0,                   0,                   0,                   0,            0.002179,            0.002179,            0.002179
                 239,            0.033639,            0.012473,           0.0015008,                   0,                   0,                   0,                   0,                   0,                   0,                   0,            0.002146,            0.002146,            0.002146
                 240,             0.03333,            0.012495,           0.0014489,                   0,                   0,                   0,                   0,                   0,                   0,                   0,            0.002113,            0.002113,            0.002113
                 241,            0.033408,            0.012395,           0.0014784,                   0,                   0,                   0,                   0,                   0,                   0,                   0,             0.00208,             0.00208,             0.00208
                 242,            0.033885,            0.012562,           0.0015413,                   0,                   0,                   0,                   0,                   0,                   0,                   0,            0.002047,            0.002047,            0.002047
                 243,            0.033318,            0.012529,           0.0015352,                   0,                   0,                   0,                   0,                   0,                   0,                   0,            0.002014,            0.002014,            0.002014
                 244,            0.033542,            0.012457,           0.0014561,                   0,                   0,                   0,                   0,                   0,                   0,                   0,            0.001981,            0.001981,            0.001981
                 245,            0.033277,            0.012501,           0.0014038,                   0,                   0,                   0,                   0,                   0,                   0,                   0,            0.001948,            0.001948,            0.001948
                 246,            0.033364,             0.01245,           0.0014211,                   0,                   0,                   0,                   0,                   0,                   0,                   0,            0.001915,            0.001915,            0.001915
                 247,            0.033272,            0.012467,            0.001477,                   0,                   0,                   0,                   0,                   0,                   0,                   0,            0.001882,            0.001882,            0.001882
                 248,            0.033312,            0.012325,           0.0013069,                   0,                   0,                   0,                   0,                   0,                   0,                   0,            0.001849,            0.001849,            0.001849
                 249,            0.033656,            0.012398,           0.0014867,                   0,                   0,                   0,                   0,                   0,                   0,                   0,            0.001816,            0.001816,            0.001816
                 250,            0.032933,             0.01226,           0.0013871,                   0,                   0,                   0,                   0,                   0,                   0,                   0,            0.001783,            0.001783,            0.001783
                 251,            0.033052,            0.012214,            0.001384,                   0,                   0,                   0,                   0,                   0,                   0,                   0,             0.00175,             0.00175,             0.00175
                 252,            0.033108,            0.012482,           0.0013138,                   0,                   0,                   0,                   0,                   0,                   0,                   0,            0.001717,            0.001717,            0.001717
                 253,            0.032952,            0.012188,            0.001481,                   0,                   0,                   0,                   0,                   0,                   0,                   0,            0.001684,            0.001684,            0.001684
                 254,            0.033481,            0.012348,            0.001383,                   0,                   0,                   0,                   0,                   0,                   0,                   0,            0.001651,            0.001651,            0.001651
                 255,            0.033153,            0.012335,           0.0014611,                   0,                   0,                   0,                   0,                   0,                   0,                   0,            0.001618,            0.001618,            0.001618
                 256,            0.032856,            0.012454,           0.0013325,                   0,                   0,                   0,                   0,                   0,                   0,                   0,            0.001585,            0.001585,            0.001585
                 257,            0.032901,            0.012219,           0.0014769,                   0,                   0,                   0,                   0,                   0,                   0,                   0,            0.001552,            0.001552,            0.001552
                 258,            0.032582,            0.012262,           0.0015046,                   0,                   0,                   0,                   0,                   0,                   0,                   0,            0.001519,            0.001519,            0.001519
                 259,            0.033164,            0.012419,           0.0013983,                   0,                   0,                   0,                   0,                   0,                   0,                   0,            0.001486,            0.001486,            0.001486
                 260,            0.032336,            0.012124,           0.0013842,                   0,                   0,                   0,                   0,                   0,                   0,                   0,            0.001453,            0.001453,            0.001453
                 261,            0.032679,            0.012097,            0.001367,                   0,                   0,                   0,                   0,                   0,                   0,                   0,             0.00142,             0.00142,             0.00142
                 262,            0.032528,            0.012014,           0.0014074,                   0,                   0,                   0,                   0,                   0,                   0,                   0,            0.001387,            0.001387,            0.001387
                 263,            0.032669,            0.012207,           0.0013215,                   0,                   0,                   0,                   0,                   0,                   0,                   0,            0.001354,            0.001354,            0.001354
                 264,            0.032554,            0.011931,            0.001277,                   0,                   0,                   0,                   0,                   0,                   0,                   0,            0.001321,            0.001321,            0.001321
                 265,            0.032772,            0.012435,           0.0013727,                   0,                   0,                   0,                   0,                   0,                   0,                   0,            0.001288,            0.001288,            0.001288
                 266,            0.032614,            0.012203,           0.0014621,                   0,                   0,                   0,                   0,                   0,                   0,                   0,            0.001255,            0.001255,            0.001255
                 267,             0.03267,            0.012155,             0.00143,                   0,                   0,                   0,                   0,                   0,                   0,                   0,            0.001222,            0.001222,            0.001222
                 268,             0.03253,            0.012226,           0.0013681,                   0,                   0,                   0,                   0,                   0,                   0,                   0,            0.001189,            0.001189,            0.001189
                 269,            0.032624,            0.012141,           0.0014067,                   0,                   0,                   0,                   0,                   0,                   0,                   0,            0.001156,            0.001156,            0.001156
                 270,            0.032482,            0.012102,           0.0014088,                   0,                   0,                   0,                   0,                   0,                   0,                   0,            0.001123,            0.001123,            0.001123
                 271,            0.032256,            0.011955,           0.0014159,                   0,                   0,                   0,                   0,                   0,                   0,                   0,             0.00109,             0.00109,             0.00109
                 272,            0.032281,            0.012244,           0.0013295,                   0,                   0,                   0,                   0,                   0,                   0,                   0,            0.001057,            0.001057,            0.001057
                 273,            0.032777,            0.012099,           0.0014149,                   0,                   0,                   0,                   0,                   0,                   0,                   0,            0.001024,            0.001024,            0.001024
                 274,            0.032617,            0.012228,           0.0013438,                   0,                   0,                   0,                   0,                   0,                   0,                   0,            0.000991,            0.000991,            0.000991
                 275,            0.032415,            0.012223,           0.0013358,                   0,                   0,                   0,                   0,                   0,                   0,                   0,            0.000958,            0.000958,            0.000958
                 276,            0.032103,            0.012022,            0.001237,                   0,                   0,                   0,                   0,                   0,                   0,                   0,            0.000925,            0.000925,            0.000925
                 277,            0.031918,            0.011944,           0.0013416,                   0,                   0,                   0,                   0,                   0,                   0,                   0,            0.000892,            0.000892,            0.000892
                 278,            0.032689,            0.012071,           0.0014353,                   0,                   0,                   0,                   0,                   0,                   0,                   0,            0.000859,            0.000859,            0.000859
                 279,            0.032434,            0.012274,           0.0014642,                   0,                   0,                   0,                   0,                   0,                   0,                   0,            0.000826,            0.000826,            0.000826
                 280,            0.032847,            0.012082,           0.0012952,                   0,                   0,                   0,                   0,                   0,                   0,                   0,            0.000793,            0.000793,            0.000793
                 281,            0.031936,            0.012003,           0.0012713,                   0,                   0,                   0,                   0,                   0,                   0,                   0,             0.00076,             0.00076,             0.00076
                 282,            0.031843,            0.011978,           0.0013959,                   0,                   0,                   0,                   0,                   0,                   0,                   0,            0.000727,            0.000727,            0.000727
                 283,            0.031816,            0.012123,            0.001243,                   0,                   0,                   0,                   0,                   0,                   0,                   0,            0.000694,            0.000694,            0.000694
                 284,            0.031601,            0.011717,            0.001261,                   0,                   0,                   0,                   0,                   0,                   0,                   0,            0.000661,            0.000661,            0.000661
                 285,            0.032121,            0.012214,           0.0013239,                   0,                   0,                   0,                   0,                   0,                   0,                   0,            0.000628,            0.000628,            0.000628
                 286,            0.031792,            0.011621,           0.0013278,                   0,                   0,                   0,                   0,                   0,                   0,                   0,            0.000595,            0.000595,            0.000595
                 287,            0.032516,            0.012278,           0.0013792,                   0,                   0,                   0,                   0,                   0,                   0,                   0,            0.000562,            0.000562,            0.000562
                 288,            0.032015,             0.01203,           0.0013355,                   0,                   0,                   0,                   0,                   0,                   0,                   0,            0.000529,            0.000529,            0.000529
                 289,            0.031791,            0.011825,           0.0013565,                   0,                   0,                   0,                   0,                   0,                   0,                   0,            0.000496,            0.000496,            0.000496
                 290,            0.031893,            0.012037,           0.0013369,                   0,                   0,                   0,                   0,                   0,                   0,                   0,            0.000463,            0.000463,            0.000463
                 291,            0.031421,            0.011928,           0.0012869,                   0,                   0,                   0,                   0,                   0,                   0,                   0,             0.00043,             0.00043,             0.00043
                 292,            0.031506,            0.011919,           0.0012244,                   0,                   0,                   0,                   0,                   0,                   0,                   0,            0.000397,            0.000397,            0.000397
                 293,            0.031984,            0.012118,           0.0012521,                   0,                   0,                   0,                   0,                   0,                   0,                   0,            0.000364,            0.000364,            0.000364
                 294,            0.031576,            0.011744,           0.0013731,                   0,                   0,                   0,                   0,                   0,                   0,                   0,            0.000331,            0.000331,            0.000331
                 295,            0.031428,            0.011939,           0.0013124,                   0,                   0,                   0,                   0,                   0,                   0,                   0,            0.000298,            0.000298,            0.000298
                 296,            0.031386,            0.011649,           0.0012715,                   0,                   0,                   0,                   0,                   0,                   0,                   0,            0.000265,            0.000265,            0.000265
                 297,            0.031674,            0.011575,           0.0013909,                   0,                   0,                   0,                   0,                   0,                   0,                   0,            0.000232,            0.000232,            0.000232
                 298,            0.031432,            0.011841,           0.0012949,                   0,                   0,                   0,                   0,                   0,                   0,                   0,            0.000199,            0.000199,            0.000199
                 299,            0.031497,            0.011802,           0.0012247,              0.9029,             0.75644,             0.80446,             0.50488,            0.034583,            0.012143,           0.0018318,            0.000166,            0.000166,            0.000166
                   0,             0.10783,            0.033568,            0.045684,                   0,                   0,                   0,                   0,                   0,                   0,                   0,           0.0034294,           0.0034294,            0.077183
                   1,            0.083632,            0.029608,            0.024191,                   0,                   0,                   0,                   0,                   0,                   0,                   0,           0.0068397,           0.0068397,            0.046792
                   2,            0.076815,            0.025977,            0.016105,                   0,                   0,                   0,                   0,                   0,                   0,                   0,            0.010227,            0.010227,            0.016379
                   3,            0.067814,            0.027246,            0.012055,                   0,                   0,                   0,                   0,                   0,                   0,                   0,            0.010812,            0.010812,            0.010812
                   4,            0.059662,             0.02689,           0.0096669,                   0,                   0,                   0,                   0,                   0,                   0,                   0,            0.010812,            0.010812,            0.010812
                   5,            0.056899,            0.026579,           0.0077385,                   0,                   0,                   0,                   0,                   0,                   0,                   0,            0.010776,            0.010776,            0.010776
                   6,            0.054723,            0.026179,           0.0068857,                   0,                   0,                   0,                   0,                   0,                   0,                   0,             0.01074,             0.01074,             0.01074
                   7,            0.052788,            0.025172,           0.0061016,                   0,                   0,                   0,                   0,                   0,                   0,                   0,            0.010704,            0.010704,            0.010704
                   8,            0.050851,            0.024448,            0.005381,                   0,                   0,                   0,                   0,                   0,                   0,                   0,            0.010668,            0.010668,            0.010668
                   9,            0.049925,            0.023793,           0.0051494,                   0,                   0,                   0,                   0,                   0,                   0,                   0,            0.010632,            0.010632,            0.010632
                  10,            0.048849,            0.023553,           0.0049254,                   0,                   0,                   0,                   0,                   0,                   0,                   0,            0.010596,            0.010596,            0.010596
                  11,             0.04771,            0.022909,           0.0046387,                   0,                   0,                   0,                   0,                   0,                   0,                   0,             0.01056,             0.01056,             0.01056
